project_id,project_name,display_name,fork_count,star_count,num_packages_in_deps_dev
qG8wMwZc0z2iMNGmqEbE0yJCaHgGkvQgKL7w5NNjr2E=,0x939241afa4c4b9e1dda6b8250baa8f04fa8b0debce738cfd324c0b18f9926d25,OpenZeppelin Contracts,956,2770,51
D/EXUXnX8dbOCU6qXNGAgNxhLOdodwJNNjMPeLUHSu4=,0xcc8d03e014e121d10602eeff729b755d5dc6a317df0d6302c8a9d3b5424aaba8,Solidity,697,2524,20
sAJe5XOXOz2+XTpjy2Y/P47RN0wzh0eMSwdsAYLzm34=,0x4562c0630907577f433cad78c7e2cc03349d918b6c14ef982f11a2678f5999ad,Foundry,537,1685,13
jYjf3SP3IiJ9lfEBt7gj8Me79zJFbihTR+zuHZXuQPA=,0x9151666888d0ca532a529be98a50d2eb992988117e202163f865fa9a27eb7149,Solady,234,1544,4
cMvqc/MCp82+XAAIkdS+Ee7CD3MkLQwgO5QBbblIO5g=,0x7f330267969cf845a983a9d4e7b7dbcca5c700a5191269af377836d109e0bb69,IPFS,324,1417,176
PyhUZNx6BtNb32p2YMEx2h6WrGOesDqk/rV1nuWAE3I=,0x670a2982f6d7786b58a8399bcabc23246365b21e533a97945e055791fc235e64,Hardhat,291,1192,81
NTbiwULtHzjj7Tn+vUs7rXkDdyrSbqHsoJ2Cxe71zp4=,0x2ccf4b9bd6ed894c10befd9fe00c467c4bfd84ff057ee956ab708259cfa845a9,CodeTracer,19,1056,0
DcuCQqzp4PkExNi9HdL/D3xoGk+8Egelwnj2kL+Fw7c=,0xdf1bb03d08808e2d789f5eac8462bdc560f1bb5b0877f0cf8c66ab53a0bc2f5c,Rust Libp2p,218,876,108
6bUEGWtffrx4mCWJv1FdyFtqQDedZHE9cZ3NmrfOmq4=,0x663e4d25ca3f327365240471b4831ea3c989cb132bbf6ae8f5c1e15268591795,Blockscout open-source block explorer,609,863,1
kIyB4KSX790MWeIzhuzNRuURff8uRN3K7uEmYc+PuqA=,0x154a42e5ca88d7c2732fda74d6eb611057fc88dbe6f0ff3aae7b89c2cd1666ab,üèóÔ∏è  Scaffold-ETH 2,588,851,2
v9q8POh6Q9wmSNGAUbW3XjqApK9TOvyiFsvfmOpaEec=,0xebe03c3d6d33cad60124b9b05ef6e2ff056293a1de3c5fa51dfbb90c86c14bf7,web3.py,354,828,24
0iGupg8Tl/ZbEszVryfNppJEWx9S1fHu8Yi9t9NLnCM=,0xc0615947773148cbc340b175fb9afc98dbb4e0acd31d018b1ee41a5538785abf,Wagmi: Reactive primitives for Ethereum apps ,349,820,37
SYTvL1tiICyIVzhoaKP5OYM4G0dA9Np7t00qjDR6GkE=,0x6bd057da522918a4675396313ae33a2f2788a1ceeb3bd7ae228015e3eb317a7d,Viem: TypeScript Interface for Ethereum,583,806,13
Fl3O8Ez0wQeEb5Hy/pug5OM0n+d4al5scUTbVdr5r4s=,0xdc3dce33fd5fb50cf932586d4257456ddf5040ba0955d97641646504c73dbd13,Slither,133,770,2
OhSYsbVtaKOxdKm1wJ5WpNfFwiQtMhvVqx11g04Dj6s=,0xa3d07f453f70d844196d89d79848aa2e70a0bd8b38bf0f493cba1547bb3bca5e,Ethers.js,252,745,2247
VX361jrBrvz2/vC9Ms9xPzOAkPO5CJLOs4FSPmjKFHs=,0xc71faa1bcb4ceb785816c3f22823377e9e5e7c48649badd9f0a0ce491f20d4b3,go-libp2p,153,677,6
RnyVOZRYqvPOqGE9iuC4+nSPES5WecXjhdxJ5c1nMSo=,0x56ce7cbc27852a8d8ef5869dc9033a215c8893f799468f61527dacb9f92be790,alloy,340,601,52
1MvSmaSGrb163SWKc3GOGOVPaulh39cM9SVPdACdDr4=,0x17fb589e599fe05e532b90c121eccc55b1249301e783dae226bad698872322da,The Ethernaut,280,570,2
Ckisx4Wdj90qxb5+C5EoZhjiNPZKOQ/zjfj6Qx666gU=,0xc0ad090a80d748c19dce84d17f85d7b0016daa1c35f72ada2d92f469f8a77067,rotki,134,548,1
pr9u5w1LqcK44g1o2RcI9ztDGB8nZTkJYMOq7e8pvac=,0x62d9a8a3b602c688610abfbe3965e04ca0d19c5c506f40e79cd185cb501d2018,noble cryptography,50,526,232
lPKNiWNGVkLboNzlBuxDaIPC3vL6M9R1PvggJCauTi0=,0x97525ec91080ddd917eaccabf9d383cf70a2f78839ab21eeabe1687e312f2132,rindexer,73,511,1
qBJQhIKmX/GnRUHuwjNAT83Xzhiy5b+63+O1m3tUHmE=,0x1e7a1f9763d25b6844567a7133b1005ef6ed785642a75229acf1b9b25202a5f3,eRPC,52,504,7
H2p6ZEPnv576Z8J4kfoovzAtg0SAMqG/HzQDAoZkJOA=,0xb2d109759fe14e11ac5cc100ab6006321ebdd7ffdefbd2efac93a002105f8e92,Revm,293,491,20
RKXiQ+QWuPsIuoADOdKR8u5M0aV1ybzkcgt8oT70hcw=,0xae07bfec2c3c90937679f8c8c5c32e80407c09903aa03d1b5e5a075e67592b86,DefiLlama,3357,472,0
DfSkG9e/kLoY4f6vGN2ENGR29QVNtpye7gux017Wg5U=,0x754c37e401e2527ab24b9d7ca3e042bfcbfebeef54a533f8833d46242d2c3017,Remix Project,305,442,13
TbN34ObgR9NMlnD59Do7k4jhs4yKMWPTYYyWXkfut9A=,0x351967474a454b494260a488f3ceb77d993580a4fe79fb6b6d132c70634bc516,Ponder,108,376,21
GIw4cdpV5Nt23oJZBcYq68JV5NTEbXHcX+yWnW62Z8o=,0xc6052138bbdae5976fa2866f46b0537182d4126c4bb97485738d1b43f2276134,thirdweb,439,337,42
3rGhXIpD5IU5TSwi+Sng/+36DquOaKbuaGP1m88U6r8=,0x35295108e0c7b4625d650fbdabd4888417782539f56159d39ac2f0e2411f607b,Kurtosis,72,300,48
wZrWrLFXX5iFOMmy/iwbo5/zjo/o68H6jud5u9sxawM=,0x9ca1f7b0e0d10d3bd2619e51a54f2e4175e029c87a2944cf1ebc89164ba77ea0,Vyper,85,299,2
jVWJQz4HfEygXcD32rZL/keI+MFY6gEO6kKkhes0OIY=,0xa7d78d566bfa319479ec048c94c3d8c1f4d628a9344ba157fc4974dbf472dc3e,Aderyn,49,268,1
rnCU69afAeJVsln1gXM1Pt6cMqD09FFS5C8Q38NWifM=,0x120cdd8e43ae1efbafdf02eda876e1952c05a52870c8d5a8f56d9ec0f79f586d,Passport XYZ | Gitcoin Passport,65,260,0
ViJ3AIpzN392AWGURZpGQA0Y/Lbk2xlAhynmzWEbhOs=,0xc4f4309de505d2581218e6a4f9634e37d546c8f2bc51242540ca1486b965c0f2,evm-mcp-server by mcpdotdirect,61,259,5
vN8m6FeWoAE7kgaqLbCsctIher0E1VKE4ZGyGKlHmzI=,0x852f6213011d0ad31206df4993d22721102dbe615bb93492d6e8be8d89676243,foundry-devops,33,232,0
YCGhoogUycGZ4sjXnFmIKfA90TlSuhQ6Qdq2zl8vtLk=,0x0cc5d7a8088f227787992130b3cffe143db1c904af1ac27324f84e762b84f35c,Solarity,34,229,2
JiJ2H5QvNLbljLo2b/7BotyQNHj8MycH7W5ZnixYtwE=,0x5a7e7c7acb21521e99021d746740b368801cbfe531301e50bdbaafdc24a0aac5,js-libp2p,65,225,467
hjV6HsTEOKJ88nJuwSqzjdEsO16HeGuCD33EmN3xV/M=,0xa0b16714baef75d97ec07fd48eaf42e79df92fe2a3c2d725d2388ede587ea54c,Ape Framework,58,219,4
FT3wZj26UAebMH4ywu7oQvrie1GQSmu9aogl40bsCWQ=,0x0008577196fa6ec286440b418e2f6305fc10e62ce759625d826be272ee6b45a3,CreateX,36,206,0
7rwdFTFib9+grFKppnjKORPAWVgxJtx50HjnF+7/4Rk=,0x66cb156952c9cd26c329a490b1ae9a90167f3067bbea337888b5d70d374959d7,ZK Email,59,197,3
sw8ehEEk8y0FK2GSDVnFLz7M9erX6RSQdSAgGDmiwEs=,0x517eaa9c56951de89261f2d7830ea49aae92f2a903104a17d9c5c2edd4959806,LI.FI,98,186,16
1nU8pbk88dRzJ1G9YJHa2Ru8pMsRWEDEiclbI9/TEIk=,0x2d90d9565ef127727845637425880545cfebe0931160ce25afe929f8ab415706,Tevm,24,174,72
5AamWhqmMtR5oDQp4/5JFyOWySBwFLfsOGMBxdCD37s=,0xa873dcdcc84e0022edd2f7d5cc8646667b87bf06609d506cd8e39dbd7412fa59,Foundry MCP Server,23,170,1
T06WDky5wuHt7zjSM3rZWAKPFqsoL7iUmXJFuWupcPc=,0xaed5941b7a9f20de83f5c839bda507be43cbf41777fc623abf4bf05773298826,Otterscan,38,154,0
XnDkeCj+BIXcgu136Pn/CS8anzzJmjwM5NKjSNwugl0=,0xabdfa10e699db5127100da1dd2403692afe8d86e793d57780f1c7e93437a73a0,WhatsABI,23,149,3
kMKVfhDqK7tGn11JkiOR4JoEvPhuu3h3tWJeU7zzHfg=,0x7e917a2d0718401c9fe2a82f43ea558f5128f251b1e658c76dc7ff9a5e9fd993,PRBMath,16,143,1
PEUfmLE6ZxoyY4FGC9j0lK91ggLO4oJmrNLeIDw5uL8=,0x4dd10ba330a4a21459e2ba72f15fb5da2a63f7492e2b1567e6669c3d47fe6308,Web3j,44,140,2
AEhFE0/kNz2nuuHL9eIeHD599eOV0zEw/xd/Pajloas=,0xb9996d35862a7c60282da2adf3447f043580f586fcb702ff6869896d15ef6344,Medusa,36,138,1
uqohyEHaJE/DosOj9+gh3jGny1Nes5mzs2fqeCoIjFw=,0x5e6c436e48e56d6d9622ba5d0be0035c314e2b29d2afc8f5f1ee8ac75cd42532,Snapshot,59,135,1
fFZ4/okuS+whKFMNfZiydVjZdIbOulD8cc5DbiChoZY=,0x5cfdb8c453a7eede1946071e9d7417d01cc2116f57563b87dc0094a6bdb9a081,OP Toolkit,84,131,2
JEGKohqd4SMdF2XsPQx53SuYckF5GP2RrdX9vLzovBk=,0x9b639cc6061e41a1d12adb39619a2fddb7005074cf965a3a6f4eabc6eea31112,Ronan Sandford,43,131,26
+ss9G+TaR12Qyecrc+rlT6f/fnE0jMwk5WNdtsvXn7o=,0xdd81f0fbb21c949e5d67176b22a39cfdc7c774349214a450df78eb31174413db,beaconcha.in,73,127,1
kGf2n8nHqdHW+W72RL17yFJtup+Ycso5gTFoaP84D9E=,0x5200a7351f8d195401dc04631fb83e4836f73a2794f316b2739c03807f30a78b,Brownie,47,121,2
jsNOONeRmUXt8ZCZmegwrlYTilEGRf5gu9b+7E2gNHE=,0x51cda5996ef1a2ccd8fcf4ee5792337695599454c83eb1218c3ad4388dcb5bf5,Sourcify,114,121,11
Gs3aazAbSMODmvjViBNNN3SIoyQtGQL9p1kipzQDPvg=,0x8589657542ff4b7c5071dfdeff18a041642a72344ede9acea701e9b39fb46fee,Chimera,27,119,0
M4zu02WbVY+1AcNtrRRzxU+clAoOn8qRDaFvAgY5Ljk=,0x4a5e771af86cf1938056b43cddbf0018dca1376d578f631f7449fe10ac4958ed,Nethereum,53,115,139
wuxAw2hKpE9CfgLz3KD8SjZltjPhta2uVKB6UdleGho=,0x67f6d1feb3b5e99caf0f2e7e4677494c57449de3980079589156e105df485488,Moccasin,26,112,1
uGbSlae4LNwwsCMEQRkgXeWpslj9Fb2t2pHzS6aj82A=,0xbb067b01988521110c91737f058e7301f608be231d850a72af1516bd034d161c,Synpress,27,112,18
C0pKjv5EgYil0/lR6YJc3EBIlbKXKvSsmGQpbEKlma0=,0xcd032b75396f45f1ef82c8a38142352afa6071fbcd840480408e10e2aab9006d,miniapp starters,33,107,0
pWQwBG0vClrKeqsZeS+ZWTMXQ09dabDhwwff85NZMTo=,0x740bebbc731ec56dcc17c7d429656220a73960022c3809edf324bd8120285722,bulloak,8,106,3
yWT3frjYCLs+Bd7M9LDe9JW6vXFoAAhgmZBK3hKC87Y=,0x541b7b08401d799b87f583c102a6c94cee7105f1b29dc630de5edbbd966d7c13,Fe Language,26,103,1
Iz1PaREiXObxPIwbCs72rVgsi/WdlKg4KYrmOfbRs2s=,0x79e8bf2d699790b563aa57fd34da1722bea3191ab5ff0601ba56020687702ab9,Etherspot,30,100,2
5/9fRbVoDF7pHwBdiMbNUbKhidEt/12Ojt9f8cWoZnQ=,0x08df6e20a3cfabbaf8f34d4f4d048fe7da40447c24be0f3ad513db6f13c755dd,Velodrome Finance,52,100,1
QGvGlrA3BZty4k6T1zzkPlfmIDGwtbGR01uDHu/rwfQ=,0xfbc74fb5d15b7b2554277371a41ee6ff1bf392377bce5fbfce140c2980cc4f64,Revoke.cash,47,99,0
Ze2CblnBaz2Apm6a00KjwAZ7N4K5yxDUpXlK+mDkwJw=,0xa88844cea135382e3484e39c3172033437121b35ca0bc8b10b9b8253984876b5,Ethereum Attestation Service (EAS),49,96,6
b9Ln/oJ391BCdgtl8bjkvvb4QhQZF6nfJbjQDYZP00Q=,0x09b95c7697625da4915338750c5f78446817a3634cb38bc9155e26bbbc0c87f1,Maintaining simple-optimism-node,39,96,0
HZHNYUV8xCR/cLPsDqnK0eHPRW8V8VDpn+vlsx4M+8w=,0x2dc32d847e8ad483904ea803437b9ba003208b6c8e8155b7b1c2cf2597025140,Wake,15,96,1
kGqT6jpsjzIUAt0enkz3GQmbOu37rELMoRCzu/Lg0I0=,0x2247247c751707d897f5c0eab670426d9c1c26d84e96ac226004afbf0080cba4,Rundler,44,95,0
4aRENZ83XIsUO4+5379tnygPUm8Z+dpDte2ZMIi1F/4=,0x93c4efb5e2d7416c56ecdcd8244be8faf924194d65b514d90a7a51f6797cc012,Swiss-Knife.xyz,30,94,0
NGbZU3ScsbMUnmgUnRJvqBXFPRljZDbDYozQSJw1Vh0=,0xfa7d950cfda2c634b052b6c07e75daaa95dd22ac1f220b6862cfd24221d4cabc,Solhint,36,89,5
l6kVcu/tuzgNkXvebL+V0q7p22mPQk/KwrQs5ikWyoE=,0xc377ed1b705bcc856a628f961f1e7c8ca943e6f3727b7c179c657e227e8e852c,MerkleTreeJS,18,81,1
lgnblaeDVZ6FzQs9TDTWrP1THAtg8/8hNmwD5NU1I74=,0x46aff4985914b8e56b8fd62a9b8c3a03e2320315a9dfd6126e5ae272173cda87,Patterns wallet analytics & CRM,61,79,0
L5qwcfkNQpDuieBxknsUgsdqMg2MBBIQUHvacifzapo=,0xa790f0641e8d72abc88efd13ca215e2dc7e736a4a59ca5a9e0020af29d6297f2,Crytic-Properties,13,77,0
CO4y3z3N8dYNgMFAplseDCMMZ2OVKhfJ6Ibj4FkCfpI=,0x50159544ec22884b777a997a625c75bb02e55b1dc8934aad3b78678e7c11d039,üêç snekmate,17,76,1
TzX0BMlslDkdd45L1PJQePW0M+Tc0kQ0SqLdKkBGIwo=,0x2c97e213fef2bd3f30a71edf6ed48232640368d0083dc0a134a1b59391639bde,hevm,17,76,0
ZYiGfGhLr1kdrN5ykW1QF/4yUjZPQM/71bkaYtunHEc=,0xf2a60464d2a56fb47d2f8c13001edea71eda11ffd8fffec5f559495c6a5878d4,Unruggable ,8,75,0
sq8gENmCu+D6rPwI78+jG29f2a19GLOq+rHlXOL3oyQ=,0x819775803938d78eaa95809971ce94cae6a54b4df58505fa36153ffa1d55e12c,Vscode Solidity Extension,19,73,4
If0GvZIFNaGViWXU52YRIKXd2jDvwKJCJzlQtoXEhM0=,0x85af258d3fae6bbd2e14ffa8f5b73b64e34b7f8efe685c40134c3f54774e8d6c,Skandha ERC-4337 Bundler,23,73,1
h3jEJdRcVAt02ak01S/7Bm7/lbtICszT1cgKKJziCro=,0xfbecd6308658b3d40a5249d4b249d10537165f57ea528cc796aef5ce1eb1f0d8,executooor,14,72,3
QAoi7Xos7OeY6GJiS2jssL7T4a+/fwdeekw25Yzni8M=,0x6f8f610667400044907494c879b717e806a03bf519dcfd786edc7f2fa61d6db8,OpenRPC,33,68,16
hQT0o0eGDigVq+MHI5d5zZYxoRHoJJaiUFMvSq/mdhk=,0x90bbb485004d99e20be133d2c26abc1f63a2c1ec8107358e87853b001bfb6597,Updraft,52,66,0
wuSnSVAxl89aoZwqFIycyZVRTWEzuqI6Ckx7/hkCJe8=,0x881736756bdcc544ef526f7719608161ca00c6aed5d8f9b8837bdc1914f2abc6,Understanding-Optimism-Codebase ,9,64,0
w/6sl5gXwJCN3sCYNGJ5X9McmopS0SGaZCYEfZ/gg9E=,0x414ffb06789667ba95546e05e0456445145d3de23b05b3a8ce051cbc142bfb3f,React Native Passkeys,15,62,3
WtN9XI9Kg+Iiz3IcUCQYqqYdRLfiPssnfGoKxob6o3I=,0xab6214e09c6adc3022147ba7fffe1924f9bad3ecbe69e410f428808e91fd6f06,Zink Language,20,61,0
y7poby3XN/G2jUZCQF/NyXvyI/WbhpxmkmO+53p3FtA=,0x2a04bac7482169a929fd70444bbfac10654d0588e022db7527566dbfc307d2e9,Solc-select,16,61,2
T5JyiUTt5UnCt95/6Xyjn04da6UU9epzDAizTapPUUU=,0x07222a857f4522026d91faec337e3cb8cf6ec5f7afb823e0742e1a6c398b81ff,Impersonator.xyz,23,59,0
MpfwinLjX6GV+Uf+/sZKstNTWHEFLHhqb8NyNEAPF7g=,0xc0809225b6287417d08ec0fde8d632ecc935296e61e239e7e44559c7dd7f2495,Crawling the Ethereum P2P network with Nebula,19,59,0
1zxp1YeWLiiPAWMUZMEkaQWCqtPNsPEF8TKEssAW96M=,0x202a80f0f57630d04a26464d6492b3399059ca1187943032c37652eb2468a76f,Titanoboa,26,58,1
J8oQzHF/fe+xFyOab7RW2WJKkmhybbpdGAJWp8zBqjc=,0x9d93ec97ef2d3bd4c2b8d95abac9ce0cf43e4f3eb1f05709f8282da8200e69ee,Frames.js,20,56,5
6avWWRaFmPf1QJ9ZkFFypjS7NLG9CcKGtfF3LnBGUNc=,0x1874030dc79203f106c67f2b1f6a2b600c4efe9a2c1523ae1bce46140368ad04,The book of optimism fault proof,6,56,0
J4Ws0law1PGPMKF6QjQrLAwaWHAOL6D2hzbV55UrPJs=,0x44ff313ae6fb57054de6d637adae710594180239badaf2bc51889d068f4cf02b,Modular Account,48,56,0
dTDuc2KqAMAKJIIKRog0pm3S6bZvKbYTHutR1IuvZXA=,0x471ef1b671bc421d04640a7fe832365c1aec2d298adc81f03d69a685b7cc894c,Loop Decoder,4,55,0
vCa+wBp0799NJ8j9L6UgKxKmqiLT95Zk/aQX/hXty7c=,0x0ee3defac0e2a31b995bc073ac02a2140aaf01679e141eb8d1d80409f75f90ea,Mint Club,16,55,0
+PfbGQq2fXc65J+R0ni5deEPvSbqCGwIUSGfsnt3swM=,0x2bb095e1f297c71da8bd4ee15097abad3b99e299fe14cd6aa704df3f36d0ae22,solidity-coverage,17,54,13
UZSaL/0UXqdDxpqfSpbeIu3OmDIpdUn8wjgU+TWzKbw=,0xf839a585342327848d4541a6fcc315404e879537a60a1370f2cd45a94283a1ba,Dappnode,21,54,3
cgPK0M6LzR2cu6RZvz9f60fBsxjCV+ekE7jnvRRtEu4=,0x2866fcc8ea2ad6cc691b8367023c08ba84a34a14685b0154ba4601b7d4981069,go-ethereum-hdwallet,20,54,1
jD1XHm/vOqe4VURVumfnsrgIOnwlL4eTm/2Lox+UqCI=,0xd63cb23c26cc3bda03b1cc2971589fd26c9d22f3bbc8f1ff2bb74613e6d1c36d,Solidity Bytes Arrays Utils Library,8,53,2
o1y6ChRZ6JOEwoiUsf/noqLXSmBlc1X9v+fNY7lA2Ns=,0xc7798704a6d730cea776c4866a9636bfa04c1201e29b6b0c99cc3603bc1bca25,Cannon,14,52,6
tgU0+wTZ4csrmBtv0Rx1Due7nJkZRor0QMe/KmJ8zg4=,0x812ea3d88c189f53197820e1c648dd32c5b937467d93602a3ba5d0b764124f90,solizard,3,51,1
KNZ4LTEwrgkp78tYIsmrPBXcF56OYLYSAGJnpA7V1AI=,0xe6eb4d61eff4e2dc2d8dba01ac1b84c1683bdb1e8d677a66fa44a72e3f8b1faf,Zabi,10,51,0
y3itseBuMJDgwYLvaJJhtGl46Ap95C8IwrPHNNIX3O0=,0xafb4dc19ccc63057da88110df49234b311044bc73b070041bb8df03e583943ab,Abi Ninja,32,47,0
DRlRg7E3PMnS28ZcGS/ymLCgrnVrLYPprOlUDFHmTAA=,0x7348ae42266ff626319e8ea5398343b847603b3cc7101b03d8e4fb2b75ea8db3,Kontrol - formal verification tool based on Foundry and KEVM,14,47,0
uP0QHz7DXCN6rd4W6pC3Jp0ftkea+iT/OTf+rcwR4Is=,0xdd8b2e68cad9afa0701c8f27bf085302b152dbca3393083d3c664e3fc75945ab,Redprint,4,46,2
KllBFOMJ9ASpCaQIN/D+I9LNDrMZTbEq9CKLA1VTbFo=,0x8967594d2978692a35fea137ba640bb42f11cad907ca6b0bd01f3718fc4c7f5b,Hats Protocol,13,46,2
8Cgztczct8fnsJW6D2OQcFRY6nClKNyOC7Le0soED94=,0xaa1b878800206da24ee7297fb202ef98a6af0fb3ec298a65ba6b675cb4f4144b,Stepan's project,27,45,0
PphtFL9u1RMOQKJy0T154cHCXdKs2Ht3LxVZUoVHKx4=,0x77a0eb2debb3ddd73bb629ae482d24771ef1b59029d28a04e13570c9e9644c44,Stereum L2 Optimism Integration,15,44,0
a2E+8HlMsk+eQvSc9WUXMAhJCnQSdDbrWA09Z9RsTQI=,0x9b014e8a2e062401d976745d9c8aafbf36bce7931586b36ecf3b9ad708bf2970,Blobscan,25,41,1
0YD5wE7ZTHXvyt8mHOdQGh+1SQTfsa8OyCz2W+G6IO4=,0x9d16b5b4cd23af3a73104b213744296c044e42deb5ff9517101e61479e4e46b1,Demeter: A DeFi Backtesting Framework for Arbitrum Developers,6,40,0
iDSZ8iz4xInsAO3aYqBnYUez/tK6LiZdejrZtWxvJSg=,0x40483b3554ae17882db98d1cfd3aae6b10ba8250736279d184fd947931ed02c3,Superfuse,0,39,2
RLahGJUg+4OwcVOavgV/Kf1Sa82z1LIi85pQBmOdLHE=,0x72d363f14ae85f47acfe748fb0a2bed73195582bb9863de18901f5dfe309b8f7,Solodit,30,39,0
35ZzBNWt/ueafBC7PqicOEqDTuuNWr0TTafOTMa1J60=,0x14eab8b10f729239d63df6c0cb85f666c3eb1f2dd440ebd003c1821f186a49da,Ethernal,22,39,2
WCwKOQkL47c1qQ2wVcJ1IcpLMGIXmFHflr4UVQsagVM=,0x513265758a3804184b6a0771d99c1a4b04d3267bacd4b914e89ff991de229f6a,Create2Deployer,4,38,0
kqcvkz/6LV6093wXMLjZAW7fKmU5r1bKNAehKDgja34=,0x5dfcf84cc8ef7eb731a8175633c8da5cd3784fe57b05409f0df745b88443c034,Simbolik - Solidity Debugger,3,38,0
R04wCZhk2yd96qDs1j6TL2jMhi5toVCbetozykh0ojA=,0xc6cac7cd3793888032cc8a9e5aef92550beeec2598f86f1ec6972ffd5b82a990,Prettier Solidity,8,38,5
EoEQvd8AiTE29DCrO9dgB/AdJoYzO95+HsX/F+qCFhY=,0xada9c2eabe94a7af5d96b3cb1765c8e3d6fb8a7f8e33f12ebd6d66feb1a807a3,Curvegrid MultiBaas,9,37,4
0QDHCcYryW4ErxzFqgrNhwrSP5sITsMcPXLS2kVE2zM=,0x8af71ece7f50d6962b589b19854ceac72b81e5f5b3014637b262c33809d5a395,K Semantics of the Ethereum Virtual Machine (EVM),10,37,0
sZQ3Kp1sgCPf39oJ1DWrfCgdlSzbnWJ7rflGyJ7sECQ=,0xb6266f3d955040aa7583f2f346db87abe0649f545389af3cc8fe302aacfc850b,Splits,17,35,9
1qHxV/lCiMRcqQSplNxBO28gExEmQ4Rky19slLkFTbk=,0x37fe5886f4c77d5a5cb947deff90158c045a5d207572763187748ac4dd4bd9b9,ethereum-multicall,10,33,28
hZzfke/NjszziMEDX794UiUnSUmhtA67arwyY7kV9GY=,0x2704cd27b8c60b098d4fe8c5c0fbae2f8f5fe9067c687c501a4c6dc6e9887876,Act,10,33,1
wpZkDSZkSrAf85BQoNpzQpmnDcWdnN/5GFtHUPsa0aM=,0xc2d8139cd61ddc75689610ee0cca0fe37ba8bec3270beb6aac6eac91c6256f60,hardhat-gas-reporter,8,33,5
j5WOiieuifGu5aqVNxwahWleSq38LxA9SB3hMq2ZWU4=,0x8c0365628d69981ac162a89f2b391cc4adfd224e9a424f8e985e70e2421de6d1,SuperUI - UI for Supersim,5,33,0
aAchjwkoUEQQyZsGvrYCDiDuAqFxemzS61Mqtb4pcLA=,0xbe74d6076f833da93276495074d0356db90c495d3257f8958853e75e9df8e9c8,Web3GPT,20,33,1
+ggFP7iiESvvHcrscQpCky9DBh+lBYC2xJziZ43DKsk=,0xeef42373d10554d65aba9e6deb8333a4eddebba829e0afea0dc93e32d8075d2d,ERCx: Token Test Library,1,31,0
enkdgs2+Pq0SIhMnmn6Oe14mBalALDczALJpqB59xLo=,0x45a05710ec665203dc05dfb3024e42532468fa6b75e6927c2da539d7fcac4f4f,Open Labels Initiative,9,30,1
vvd53Q/49SJ6mNQXcn67dlUHSbExIKjGDsZbloH8R6g=,0x5f9f1b45eb4a49e8c2482288e02c8fc1e0e60ad3e88f0ea87bbdb4932da1054d,Diamondscaffold: Simplifying EIP-2535 Diamond Architecture Development,6,30,1
g7Mm9ljqYwbSxWgNeCIVPfpNCiIBakHIjU4brUguhLw=,0x7cbd306b4b54416b83eb723a79b88d09554e245b1d7b29e7e4b7958ca1011d1f,ethdebug,6,30,1
g1pi0NuLcPtSAjpxGRMTIM2ZRs5y6h3IpcW0PRKvSQo=,0xfc54b4a9c537be25238cba3f05100b733aeee83a3eb3fdae60d651b3b913390c,Multicaller,4,30,1
D/phNjIkMkuESYi0XbICo299wHOagQbo2WSAyODxDp0=,0x62e37e96aa6e1cbfb6bd24b97c4b8f1e12cc3fe35d5388d2f041c42a12b40745,Stargate Finance,15,30,0
3dlgjDAADCc9F7hy3fvjnzqyyVLYSuOy8RiCrwiMazk=,0x7504e494cb8d227193182e083128912173c14eaeecec9b90fa453de28377b269,Hermes - a GossipSub listener and tracer for libp2p-based networks.,1,29,1
tEUQBjhYBdWaLRVt375K9avn6ysFWbvqZz85jmaPR2w=,0xf24315614063278ba3543e1717791132a9afa79b0e65baa01a85bcccbdfa215f,deBridge,13,29,2
IqEX7DRaYV0Pl6ewCpPUvpvle/3Y3joI8ezX2StZb+8=,0x4e13be6b98dd868cd13e9f4101431ab03d211f429b63f078fa7da260b54d256a,Light Account,13,29,0
/k/aTpjwBcMKEYX6yOt7DnRp5lT1VKPTRe5SSqpWhV8=,0x537097f27d55cb52d39b95c3ed65076349ab68aac48051d742d715456e0884d8,xdeployer,4,28,2
oHjF8SsuGDWxTvoPCPaIvBwN3PWiaZiNtVt0ZorFYto=,0x85f58c1ce6ef97a8b2f4fd2b0cf4099798a598a02da7a0d2fc53ef75b5fb7fcb,discord-deepseek-r1-bot,3,26,0
rgW9XUaoeC3X2rOz6QwddbUq6mZva0eXEFISFkuO+nA=,0xa08c7ab7824d147d6cb87ffb4e86cec454a030d48b8c395bad6d64456be3d911,Aragon OSx,41,26,14
vkAGsIYeAqlNsG1s6KG5Yp7APsJBiMNYe6kFImJjwXE=,0xe40733f18903b26f7880bb2fd78c39f3992efe9f8b2e89994c2869eeb3ba4470,Chain Abstraction with 4337,20,26,1
mEvrDRjUXToNsXd9iYHuzB+iQr1YbbvKBy2OBObD31E=,0xc66e357ad67e63954cd1eb79da4d507d8800518f06c82e423e93e8771e7b8d13,Brahma,14,25,1
dHG9BVIVFXaWxD8I7WDLSz0K+GMdyGt/a1eJ3IQ+lYw=,0xbcfa7063514406f498f2792ae6435bf488709709391cebfa260a552703b4a8f9,GDWeb3,2,25,0
7tDBbSo+gDf0dB8U5Ks/FwS7Y2oZM+mNs3LsnX6Mlc0=,0x229bbc8163bdee3891cde1c18c74ab3afc72e8683692fc7f1b767570cbe7c4a7,EVM Explorer,6,24,3
Ub6Npm31QD0yNLAXm5TNLrm40ISc8SNW827n9UXpgZs=,0x2b77364f9d227b9b41ed84281857dcf016685e73ba909071a1b93135a4a0b7d9,libethc,7,23,0
rrPYFAev9Bf/usv3MFfmNWtrEbfN66lmhxrqSBD6eJc=,0xcc9301a401320c626839db9c4415f28a6e1f2fb3abdf38ada785b57409bdedb6,DexKit,15,22,0
dZgrplo0v7S5xvmz64ktUM2PyaKac6jxcoMGZB9TXc4=,0x5c0234455c4b86b05ed0c612ac0d7e53cd2249686305af9b2184190b781b8063,Surl,2,21,0
SUaETe9RSmxA6e5SBseHYYZJylEoxPRSMrdjhHoh55I=,0x92f33d0611c514cafbf54780ec7925a6080a37a192683444c30116cb099d95e7,PinSave,5,20,2
NxxzqQgvJFc1MnttV7BGBoIkzajSPtSFAddPoymqwHc=,0x1a26744683129e6e36c790c4d9ed2aba3fa08b02a1a127c5805241b9a442de3a,Dspyt,2,19,0
+K3OrDKvASiVPDw6YwbzwsamF6URxSYCSlUun/KdTDU=,0x363b77a4022f98f4d529b8a771d22f49b1092293980aab154fff63980bd1b2bf,viem-tracer,1,19,1
g/21ekEEllLNr5JyYQRcPl9TMgdIHm0KV/zZfX9TN6g=,0xa38f3efb4fb8f6fcefb80f0262645ac05d5548cad0308ee49520c48c4e8cbd1f,growthepie ü•ßüìè Ethereum and Superchain Analytics,11,19,0
B7Gzx+ZyWdQ5tfzIxWc6A9uWVJ0ZPNOb0YnbtcjXS0w=,0xbaccff0188ef78c1bab0c9798b0faceee552de1dee4f763d1801a9c1d5e3bca5,Verifereum,8,18,0
xq7+mszk8eyCmmne3tQc2zJFX1mHCmsy2j7vavZVkzg=,0x26a8d2bf9f36f9632cc4ae2157270087f3c0a0425f4f0847095451a7532293a3,Samba,2,18,0
hWrcDUpWFQybynVtGEZXP8NRQAbakPCaa8xJCQG+XhM=,0x1aacb85f1d87039696b876ddcae98c56d38ea9eed07b265409fdb256c8f8172a,Blockhead,7,17,0
rbnmNl6hycb3Tw0IzeCMtSY9mU1Cc5zsZr9oA62V+Ho=,0x66818708d041152b7f9b45ee48e56ab6507ad493955fd256b62d7c9d8a27724f,Bloctopus,1,17,0
tda0A2fopcG55G9UY6IVaCuc0PGi16ukxdjBI6W9rR0=,0x09c9f27e241cc6119c080457693a8bcfea77e0f9b4d3a2fb70d70f884410d7f1,Pipegate,0,16,2
NVaHlLLvCB4MDnHhpo8SshekHbelFyEatVRt5K7cxvM=,0xd9d413772483111ca8ecfe5054737c6c80a65f03c0d289c632b05e3ec21d5680,Opstack Kit,0,16,2
kwrezKXFN4ol/q/oGtsm+uceEWZhj5jZXWJePfWS/xM=,0xfb3ac4e5f7665c6560e461c1b77ed896d355635947a6e58e217f345af8624dcd,Solidity (Wake),7,16,0
ppjLmnjCHPUltAD4BYhNcADdnkWWXx1Ive+VoqqD+5g=,0x28aec169f525d30fed96625a31fdd75ca906805d0ee4e7b1502945a9e1d29525,AbstractionKit | Account Abstraction Library,3,15,1
IE6vY4600I0xdmwOkf+7hz5LzlT8GE8DoX1Gkgjh51c=,0x81af86360a8e964cc907a5689a62e94231c7e42e05f49c0586716975d72e2e2e,Upnode Deploy,5,14,1
GMKOWO+1Q5OHgnN+2f7jvflLOWwHuQ9qaw/k8idn2Ww=,0xd7a4742a0a40480ce176892bb619295d2cdd357d7ad09411beaff6278014c191,evmstate,2,13,1
pL1yy/uAyJPtrYMiNphJ4uONuZT05AElSZO5NSDLgpE=,0xc88dff5a8bb7326e7d9103bf84e77425e202a8275abffbbbc08954c309acf511,Voltaire | Account Abstraction Bundler,3,13,1
9O4W5ETurOKiF0RvQJCaUtpXg7LWSAitGExf0ReNE0g=,0x6d30328dd0e058bdd4c55c51d5f785268770040a66edbd2830902c4d87efee9c,Clear Wallet,11,13,0
ClHPTIUeK29bIkCt2TqTLvXTnW47Gk1YJdflVn9PJW4=,0xf46bb7a4597826d57ce9ef1579b7a11079dccfd8510770ad64b2e5a801d8ff27,ethers-multicall-provider,3,12,3
Ryz0Cvz5OhVRADKjzj6NvdN/O15yIZeusIffxe3VfCI=,0xc850d11fe786d1168bfeda108721101427dd5425d9d9e6595c35573f7616e940,Daimo Pay,6,12,0
8mPN8mgfsI80y4lQoU7pnF3hgesjTI4NuHtgqQ5snG0=,0xec7002ee89bf249ae4fca1ebe718a66dea7247e33cfc9319f979a3f9fb324b24,Explorer,21,11,0
1e2ixyRhrJp6tDJqAjEgTR+J4KR1XZqqv+99jOtl7+E=,0x4e175118c15129e6cc791203de92b23f11fef35ba4bc3fd18390f163e692c97d,EvmTools,3,11,0
Ys/qp4leIj7KBlj6jDH5/A6kKAP5fna8gSFRrWdXyVU=,0x3ec2d572a608cf939eaf7886402320b3b2229610c13bdb5cb0776bd097331e5a,VSCode Solidity Inspector ,1,11,0
wifrhzp9qrZ4/fFQy5yR6JzSqQQf6svCTadItAZaAsw=,0xa903038c6a307743fdca92164f38d5c392996c2417d66d5bf33012850d0585bf,JiffyScan,18,10,0
iXR35Xnzm4ioS5d0Eka/UAnUN9CHj4iasG/B8CgiWP8=,0x7539f43dc91f9c406c83a06339708e4033cdbf630916c6dfb9de2b5ef811affd,Seamless Protocol,2,10,0
kk3IEFYvO5Cr5t+Sd1k84whQZAgddeXihNudlYZwRb4=,0x4f8902ac6eba8e2243237247302ab778a1e1f496cf62e1696fbb8d57eff7701d,blocksmith.js,1,10,1
bSHT80evcfdvkZeSYLuX4A+aj85jjpcIGN+Q/3ReRZo=,0x166e2bfeae612e99675a055e2d3e3d02e49bdab377109bc528c32b7afe6cc920,solid-grinder,1,10,1
gUFAlmQjlPwJ47EfIYcW8OScZ5iHFZBD/TE4Mhx9WQc=,0x850df51e29f2846a5f085d88e6b6fc13fad51ad7161f8a825ed09d470668161a,Party.app + Party Protocol,3,10,0
KhgJMDdCk38bxrajjp9pJrxfmR+6DpKm3q4KnIprGwY=,0xd4ed99cc6aaf73ca63b32f7a03b5427ac1d2955bf9efc31eb14f5773016988d0,AWS KMS and YubiHSM signer for OP Stack,0,9,0
Ydz+vNscrYyTylhsKma5zg59zYukuX2i9HyvQMiuGWI=,0xb024f6abfa79f7eb7af334f56015509bb70355709991d31bc689c7bea3250f7e,foundry-gas-diff,2,8,0
YK2lvzF7UzCPd3j5zI0nxCi5/4hs50U7VusGwfq9IEE=,0xf9a4e3b240bf6d40ee533e5ed63a8288b1a739ee382b1f23ccc5229b7bc8a498,Summer.fi,5,8,0
L9VSOaOT9yJCY7BJc+BptpjSTF66LYeNOemyJ6tuQLs=,0xe01f00da2ba1f43dd0dd1e2b93bbfc5a84021ded7e6d414e86fa12a8d4eeb347,simple-uniswap-sdk,4,8,0
lVbcUW4u4ZLzHtahbQB9o5NCTKxK+FC6D1Bj3RZWiF8=,0xcd107d2d50462310c2fb94dfb9ccb6dc79c5f06331fca4dae1fd56663baadb2a,Natrix,2,7,1
n5hQyb62Lf2utHO/Dx2b+NPsV7xxwFHBlgDgjI/hKxA=,0x7d3f1d8e9da32b6e81e791a440b28ce9fbd79a5396acc4039d1cdc44c609c6d3,OP STACK DEPLOYER,1,7,0
vta4u6W38N8RHqJkdq2crSlH5LEV6sVLc3njqXa7ABA=,0x7697147650b4b717ce5675982f2102da7c030498628fe37e3f403f875622b7f7,Gelato Relay SDK,3,7,0
HjQOBpXNmQ+YHuVW4sV0c6a0Ld5cPv31h4rPjvVE5Ok=,0xa38c8f4ffa48fe01222fe1b5f2bc6c95e204a4f243d67bd0c9f92887d905d3d8,Academy,2,6,0
wNQvyx94jQ9dTrP4/4Y3k1LJIzWdvLgKGpxVi/ckSfk=,0xfeafe16f8c1a25aebe754f3653340a17943a483a3e389464e44cf14613e210f0,foundry-storage-check,2,6,0
XbRj/1I9gRExomQ5ClJhhNT42+/C/4NFTIukle+d1G4=,0xb65d1a1f56c8bacffb8e8d7bfac237d459927bfb8924d25cc4f68c1996128abf,Usecase Generator,6,6,0
5/EgayLC1x+0UULfn63oD0ktlbEmOeggpYM26FExBSQ=,0x4ede10cd8332093fb0c1083828cc2e333d60f1551cef2d29bccb82bae1f5d7f7,Smart Account Contracts | By Candide ,3,6,0
+ONsq1Xbp0mkKt4F9sl9X1hS/AaxD9MwE3tVjxMwZ9M=,0xf4f7d13f2ac3c9805998d8540950883b872d7c5d7c81d6254dde8655af690b2a,evmc,4,6,1
bZxCg+xwmOE0DGN2PUpSqA2ng072SyKx0wzlGSti5Qk=,0xaa4cf223915387f8e0cd66640f86f4f770d0c1edfc4303ce1d596a735747e673,Farcaster Attestation,2,6,0
tQkDpmQMoYtgWZibL7osnFeleCISw33h3FkPgLEG+/w=,0xf9c5d092fac6ad924253d685cc7ba21d4e519813e673a3a8300f33cb3a6b4e06,NFTScan,5,6,1
Js09gjzwO4g6aeV2Fb+ZNlHypJc4DlUozk3enNLotIc=,0xcbfdcf8f724d73504d1518d5ecd7d7256b12d37e68cd84569b383bfb6e2eeea4,Dmail Network,4,6,0
m3O5xBXiEbaMu2XmINfk6Gdkt0AA80DLfzkdMRzp37U=,0xf00e745fe6d96359adc3dc45d6d811bf1140549ad830d927cda5ca0b694a3063,EIP.Tools,3,6,0
ISJwb3A6NNTyxbFJnVHANLlnawWh8kDARUXf4HZTd3s=,0x4c9626843c4e3f3c96d80b0ec6b1d10b7682fc9b6d67ab61ece5a87648535b1f,ethereum-bloom-filters,4,6,1
jYUG6qe4pgh61id8gGHR9vP6MgSDQBb5kKhLy5YN/FA=,0xf152ccbfb3aa63c2ddcc070dc6d4462368eb25b69c3c3137cc459189af681402,Derive Exchange SDK and Vault Executors,2,5,0
rmmXWna3PUDJezEboQEundP90XlJdYNPkUel94fbAFw=,0x19f3d02eeb40ac653f56652974c8fe977871447f73f0ef1ff9ab48a48a1fe65e,ethereum-abi-types-generator,3,5,6
L6B16S3rzyLs1mNMTAy9zAwDIt9b3Z9tCUc3i2bENmw=,0xb773733e55b7267302f2622ae410a65a89552689387d0b86bce0f0cb833119d0,Callthis,0,5,0
1trB/l9QKhGRlHWNxeKxae3DYXIRAKtuzUHXcvpnpN8=,0x8bfdc42f26bf691d378d2073ae509c46b85c0eed8db8abc6987b6725dd0d056a,Superfluid ,1,5,1
aACSS9iyRvZbEQP67MW1qVYf+mIYh8e1L1PZ8+ct9MM=,0x2df0b4b72977134030cd30fadc6ec5239f9f107205c0638e29c15a02ca7c87d5,Newsletter,5,5,0
w+FeC9LaSioC997OmTLYF04BpdvSHmhmMi1GtrwSGW8=,0x738c0967c0f70a0a78d8794dcf2c40540f60ea9568e163dd5826b85e8e2a9a79,Enso Build,6,4,1
EYBY8WDf4DvsfT9jyp/YOagLBfwkA7zWEBIX7wzyfMM=,0xbd393d380c995845e0b26365d91e9730403baa30b4a80e955be1ab5713bba709,Black Scholes library/compiler - go and rust ,2,4,0
wpBF/kfL6NPevDlEHoK25InqGnRCeXqe0vGSLs61t9Y=,0xaec1c406b2a124ec90aeebdde35c6c0cd9a90f0c7730b0911d2f648c8b99d062,Variance_dart,2,4,0
HqC3UoCbEcH+Nom5I1qNtHo6c9UCZgh5KEwsbxTbshg=,0xcdeb1723ae43478e77b36f2b6dea33f9485963a66ca951408faad33e13452e10,WakeUp Labs | Rollup-as-a-Service for the OP Stack,1,4,1
3H+RA47sc24SWgLZqJKZJ3eTrO18bk1gJrB7tcAKRGw=,0x2ec2ba35b39cfc086d3699918596470864e1ee1631d886215d0477f3f2e09326,Engagement.Vision,1,4,0
x9MZObEzydNAk1HPdRO8azvLIkNL0gAIgOIvKthPIbs=,0x808b31862cec6dccf3894bb0e76ce4ca298e4c2820e2ccbf4816da740463b220,Fractal Visions,2,3,0
I9s4JF4Xq4hWZ9kKevsPsUMtTVgWDJN1qVme/V1Ooe0=,0x93decae913f62c0a86519d0b0798e4a10c46c541bfc14dcff0193d6b026e9532,LlamaPay,3,3,0
Dwv2t7B38P/jxPI0rp7rHP/YJuPLGFhxYCHQvskQ6Ho=,0xa2447abd4724c68eff8635f01a39a46bd00a2380a56513fbcd430653cfd74c98,ZNS,0,3,0
h65vxKjl6PwevpMqqNFeGV+hpXNUb9twVVo0+GusGro=,0xed55afbfd8d94e1c60c9a6db38caff9ecb53543071756328d104504df644eb9e,Web3 Hackers Collective,2,3,0
xlKgH+A65Ow1PsDhxPrDjFrFdOl1PVV7g2KWHEOypfg=,0x23f07ca364a1d414820085fcd2bdef2fcb30c0ba6a3c5d97f63d2092cb888934,üìñ Build for Good: The Optimism Way,0,3,0
1umB0u6OkfQvegnnx2lkwvEISHWAtG3PmHCVXVHone8=,0x48220ef1d103189cd918e9290db4c4b99b463ae2817fb5ef0cc54556a7961b6f,keccak256js,1,3,1
SmIuucfM8Yl8olRcJbNr5VtgYDZkTgZblQmVSyhNQ5s=,0x57703c46bfc5c72dc1706d0c1ddcc342aa2b1471ca982b7b9a7e3ec130d31938,üìñ Build for Good: The Optimism Way,0,3,0
VX4MzzGJGGUqL8BGIma9fcZ1QzOGTfPjqfzXhHVrEgs=,0x04593b6dd5cd1043f81ccf23b750460f1b3b4dda5cbf3c94140fb6f04e476f7f,httpmock,1,3,1
xymwIrptgpoB/UjKsGUaaGm3uY34Wa61iKxnM9CXz5o=,0x63f8e1e35986862f0bb24a619b72d12459497d2b6b94d93a9f2c232d376c54dc,RainbowKit Theme Generator,1,3,0
t/dgn11ZvHldfKXg2+6wFS7LkRL93an78Mi3B3eZnLw=,0x3a942492f564e13e4a3fc11e9a8b5dcd8bf0213f9dd8571d888f32db84271c5f,evm-rpcs-list,0,3,1
xyqCuzyp2siN+L8QgwpvSjTruF2y+tvB++HwqdWDFXY=,0xa1f96576ad998e804140caccd478bae81b8b1059a107166df87b59fbf42c9e4a,OnChainGM,0,3,0
APxN0aDM3FTM/WDaBH2zFhzV721O0Y2IHkIRm5Xy0Lg=,0x495b81a381005f49592ee02a7ac6861b8da69762b7164180d0a1e4570f2d83bf,DEO AI: Ethereum Developer Assistant,0,2,0
qORdAv/JC4no/SKjJY5GbK3FSmUyOyhSl0oXKsJ6B6g=,0x24ff0fb2933e55b169a80d9bd35a00a7011795387717b27445ccdc0f8660d740,OpenOcean,0,2,0
L3l8R/2ZJ5damj21w9P7nW6V9fIx1GLhvzj0Tj5Znn0=,0x43e690dc6503eef139d7acbe12100fa07fdf6dafc0779988854c94118c78dd5a,üéµ Build for Good: Optimism Hymn,0,2,0
GmgRBIRVtbJJmDZE+yzHPe6q8DnwLrpj5YSHMMNn3jM=,0x492486eda6bcb71b4891dd39a4e150db1f7ab46f64b83f2f5a02aed82497e9ed,forge-stack-tracer,1,2,0
MHzjJesGHgBVF37HKix7hMTuf38gj0w0isjLcVhG5yw=,0x1e2cc195ce13784ef1e382bbd542a6b25d982b83377a8e8ac2ca593d6c310adc,Privacy Builder Pack,5,2,0
FzZmOSJUM5wtIUc2jNAan+umCJidUctGPRkHVUPWFiA=,0xba07fed41ba414e6fe8c76b17a1ea99b2068d5ac97b3064a483e6dd47b8d9dac,ü§ñ Build for Good: Hub (Website & Bot),0,2,0
dSexksuFbpb8T3C4yr7N2nGH2LM9kwx5kFCQMA7w3Dc=,0x7e5614eb46520c523562a641649be228012355d0264c9130b2c1d9872bf5bad5,ABIExplorer,0,2,0
4t3CyBp0VQB7NDpZslCAl68AHcCuQkw3QZ79zYNyV78=,0x96a03f09bd8f6b4e82de71cb60626c5572e4a00d70f59dccaf512297f6deb93e,Jobs,2,2,0
jY1iwJg8u+jdEDT9J5XzhpkJXJdx3cN5EPWDU+pg6Pc=,0xa492e54cf4d492c5f8a9c16038b4e5d47cd3bac575fbea7979f5cd1f1e575482,Gelato Automate SDK,3,2,0
RASUMhsvYGD/KY/pMy1j0LEk9g53Yi6DmeFbmqXvSz0=,0x3d5ca7d9c33e8b697162e826b1064be3508be6ffac65974439e2593476da8644,Formo,0,2,1
56n+XloAlZFMcSjdGgfGz9dI29yeI5KG7xEkrPaROJw=,0xe9495ac0f2a00d424f4f2dca80fe34c59c78d5cbf9acad0536c4c0ede540e053,Mobile Wallet Protocol in Unity,2,2,0
yHC4i4mkg5sXaXOF4Mih0UyHDYVS7+0+9zuqnDFvClY=,0x8f7edabd00cd8a9bc0065eec465bd3d97ebe3f4632c8d3d52b336a9bc1d8fb3a,SuperSwap,4,2,0
TRig8BLn/HiKYIfpULdbzll7fJzgB/aWPow6cG2mS+s=,0xbea008dac0a4a2d2cc88ed14468f7ce06b1a13d43ead38f31df3ca5f6d70d12e,blob-archiver-rs,1,1,0
o7yBqhAP2YwQutGZw+NBdFouJ046/Ka/+nDmQ1kLi3I=,0x926606219b6876c28d7185401763b7492decd48a7e89a2fd27de9dbf176507ad,etherml,0,1,0
tvWtJUdWqCwSjrU6iZTliqRdM4HoXw3I5gHzcUXm3f8=,0x66cce776ce6eaa99192120fc25b91ecc7b98e03210a08f0d3bfda82f542d3e1a,OP ENS Gateway by Opti.Domains,1,1,0
eQqCoZ6ZUM1ejuDhFMANJnjGAF32f7Pf7cWVAbVCSC4=,0x076a2b1418a515ff8c5bb11beed5630cc6fe7f65fd8d42d4403c4364514f2a30,BAG Guild Dapp,0,1,0
7t5tc5myq9pZPBoT8V9jFiJVpzN2NwDhf6PNsKgrlrA=,0xc7deacbdcba28f7d1126f681f1088783f3118d1912d573e63cd9db76c3a4ee3f,Yecho,0,1,0
fUkDvtE6aGHLHs9dfhp8rzhhzh7uintrSaO61/OVooU=,0x2cb7fb23e5d066f65a80a09b2eab34d76bbac06de1af16c31dcf2e54119639c3,Smellcheckmate,0,1,0
+v65bJR6Db8y6MgBsKOUVxu3+efddiNevqngmAKcBeI=,0x3f32c65a09692da95d3a0a5a988065584b140a58e5462e45e38a382449045468,farmlabs,0,1,0
/2hjsm9xH1NvgIs/dHx5VOVM4ml/C6hfQu97wBgdpfo=,0xd35cc78b456bf11d4acc96d2c227b29fa4115ad9d93ae211a31974a408ed8303,Diffuse Data Feeds,0,1,0
NgoVNxiNTOzlsAv1ChtyIaJk2GnReYxexUZDOQJq4aU=,0x935315db8c17993464cfb28337442ad60c6cd434305130a1d5d898e92d6d8123,Trash NFTs,0,1,0
GLCT+t9/sjJaSoxW9yYnwDRbiLf3abLbHGclN3IXZnI=,0x6f455f9608732bc84e184233ac638310be78375076f4e77a9d3d5eff17907a3a,vscode opstack debugger,0,1,0
VsbnIqH0Z8ErW7VixsMTGcLVf45E645bcxAVcD/KZT0=,0x3061b642db56c507e265f03029735b0413a613bda43456a31e78128baeb18754,Aave,0,1,0
5pKMLWfNkmCqGNkDWMXHeyYR+9Uc3EOVJRd+EG+ULsc=,0x38c38455bb0fd71d2929fcf799279569ab5f5c5d3e1f92f8642ce87aa25accdf,Decent.xyz,0,1,0
TKabb9V96NYlby3PBEyEnJjayZ88FtEg3Bf9OPMiq7w=,0x0c85267cd9d7e694e385467c9984fbc787228db0cf03e57254a5116001eac4ee,Tachyon,0,1,0
6zjHDw5YGpxbiWEmNUu52nXwPL816I80hVVI4kmTwnI=,0x2d38180d3da676251f337260f2a48fe03015629fce52943282f4d99ef8edba12,Test 2,0,0,0
EuhDcgpnkg14DgTCLAjODgWZQQEjR1En9nIllh/131U=,0x6ee546715053790bda72f913925b782461830ccdcc14ad12a2f288641510f448,Dragons On Op Stack üî¥,0,0,0
rOygm3l4aj16QhC3PON0GlZokjUdhQIH+7nYCZlAKNI=,0x492d0bbb85672e7e5f1d439bfd8857ac0aa59a52010143bbaab1a411bf55be0c,TurtleShell,0,0,0
iRL7HC30DiL3CfAxmFhFI1d6/zzZ7U7C0m6jScMGKuY=,0xcb0434aaf86a5dca68f96edefc22bf04a16bbfaa48b0a4a40c844f1afb8d7b1e,BASE BTC EARTH üåç,0,0,0
ydTSZESziPA9s1Clx8TXPO3QS1jhjfzJf+MdBj4X/2k=,0x11a2255f272c84328438f5081139455d8fd2a302fd35f0f08acdff1f1c0d84e6,Node Guardians,0,0,0
VvNggDaql/smdOS/0t1CinLgcYy7jwICjC1P5gu8zI4=,0x18539618cdbab1c37092e7e0bd8e03c7c4037a55b8a356215bc15c8d6a8c68dd,Purrmissionless Proofs,0,0,0
UWhi/vdDd6Z2iApXF4WYpzuixJYsj0fe4tc2eOQkT98=,0xf82e835f4ba5ce558d9c15ed5d9703eac1db3132dae06ab91e19528c8b153474,Metal Forge - Underground Metal Community Platform,0,0,0
57FvWwsyNX2cCoYXRlrD084qD9kG/nh1tYNWPswNSs0=,0x4d71401a0dbd9b3dd890fbc70baaf872d16db80af149e20f7ef1805fc94f6df6,Router Protocol,1,0,0
VhGGSdMLn+D3Vfp7j/0pkXZaTDU4uMhacHXXESPeQRQ=,0x2f22900fb20dd35ce72ef53c3aed7a3dd3364a83c32ae075799919b40f6018dc,Superchain Faucet,0,0,0
FfXoEN2YNayzuwjlJN2xtQWdP5War/J/3WLgkc8sX6s=,0xd7a8e115b2b3772d7d5656d7798e349dcdedf2463302c78528c9e9686ab4efe3,OmniHub,0,0,0
YMhICPfTJIL3NuTWP+/uQgruO2wLN8vr01MjKrr5dso=,0x1c25ae2899ab6edb1e55c8cda5b736bb861a31da22bb9aa538f3868807eb1c73,Bonadocs ,0,0,2
vWtJQQ+tIY8584QcGvrVIguEyY/XUO/yk7lnhOyL8WA=,0xb8cc15b51b7ae9acd5b771bb7872a9d54a9f19562e5a37df3a7d9b31044099df,Ladders.Vision,0,0,0
owZ14rxpDWPBMxBXsdu3ybsF/7IsdtcyAz5JpAp8sb0=,0xeb6d215732b1ed881e718faa8bf8b4b88a94edf021efa9a3cf3e2cc3c22b0961,Multichaintools,0,0,0
fnWnB7dEZYjjNxP75u4wLajmo3wZ2VFJ53Zv6NBESM4=,0xc9627399b5606969337a4ae917ae932fbaaeb71d56088b8ab546047ef3a7c941,Capypay,0,0,0
s1mj5fqtlEfMpVmLmpSl5clfhz8YrBHhombxLXM3siQ=,0x4734611c02025e9a48eae0b9e0350eb84aa1daff896c520eadc5d1a116c631cd,BuildForGood Games: Playful Onboarding for Optimism,0,0,0
M8tDjaH5PrOfLIhPjNXOkNi/ve0MTTJ7tSDM1zMdiaI=,0x6a13d3e82b5a090fca8ff9ee8ce2637cef515fc24f51760f76f36030b76e0a55,Wild Water Bottle Cap Token,0,0,0
19GmI+YcdI6xARJ1gSGsw9nc3XiU9voC54b/YWXyPWc=,0xb3df6310de99d640f976422dba92de447b56bcec015a78ec07629d22497115a9,Agent Treasury Policy Linter,0,0,0
QdEipZreLcfm7xI5N6Bj6JIUitvThX5JoTjy9gvMHiY=,0xcad7dae6f4bb92689f5ea6a6fc830fc49b8e15cca0623f13316b528a8f8b805e,zbase,0,0,0
JOtf+FCKCryprFTsLQvRbQ2Bg9fsaxZe/Jl7KsKtOAc=,0x5999c3a9311c71fd2e02078c406d417565a3d04efe52570ba294be75a5befac8,opup,1,0,0
AWt4h9zeTVKtlCCptcCdxAqt1P8tHvgZLjpDLlttfmc=,0x740297a85de756f69945e2cfd9d439598cdb06a70e409e91664c701f5c0af34c,TOCD Studio,0,0,0
Ac/HeTDG1PGUVxDpdMG5mixk63+jTSCdE36IQkU8x6A=,0xc06c0e7e2ea6e008901f20f75b9d6ac4ea6a797239d6dca478246d6312f12647,XChain SDK - Multi-Chain Blockchain SDK,0,0,2
ybMggf+EXW4gG+mKlY1hvrqW1VaQAZYT9ZLeRm1hDt4=,0x10b323613ded285e5ce2d127158c2f91579a580c06f0174ddcfa2de205df75f3,Timelock,0,0,0
a0PyEDtZEEjxDRe7zWNpHP+358umEogD6bQI1XfI2eY=,0x7a4bb37bc7997b8e9b34775164682ff1f441b716cd235f2e7cdce76677b66007,zkCodex,0,0,0
cR9ROU1oy+0AaoepiSUv5i2W1EPwDp4BqWi7Z/fo+to=,0x41b61476ed56e21754276efdd23d62fabdcdb6e97a37a5a797d9a6c8e977d1dd,Tribo Vault,0,0,0
HmZx6qjamX0XBczuprKgSvGcdwzFh4zD5CP8lHSYGgs=,0x817133c5038efbbbba5fb2165466c4ec430691eff8e6bd04b6e19cef71a23f30,Crypto Stock Exchange,0,0,0
Do7XmLDYP7t4xDWAldvqGF8KevofT/SUPeKGpg089ag=,0x60565a1ff56360c729ec5e33b27040acd6d495e35e328fec7ec5a493b9c533e2,New Project,0,0,0
d6Us8Nyctz7rF5nxnucystePRDAQgQKjs01pyA1u+wo=,0xf173b116c6383d6d7557d633de525a4535543265d800af3d8b15bc224dbab982,FrameMaker,0,0,0
o1eb7StLDBcJCElyMcSXgy5aiTh3gxsZt8NdhBd5jh4=,0xac3d6e162915e071de4c30452edfde50739d16aad86945cbfb2429df7ebe01f4,Relativistic Blockchain SDK,0,0,0
75y6sdgf8NFyaTCuQnRz67BguD+csvIcCYlCcHOm5ik=,0x71549bba4368463e945a498af93bbde31854f886ba22dfb9c4b93fb2f3629f42,üìö Build for Good: Multilingual Editions,0,0,0
/NlfLHeR3m6Kyz+POQ8ON8TQ+yfQ/PYrzVXtFP7Ph4g=,0x853bb82b68a3cc3a16982f86b2d9c032ecf8675f1e575c27355a0e37a7775295,CheapGM,0,0,0
DERMlsmnAEKOvTAxNC97PgHRrprkpDAiD/ipMGVgy6E=,0xded45f5b4e2be2487ef301591cf49859e95ed6d2b33743a0c0b5e15c25e17694,UTP Java Library,0,0,0
h5xu6Hbm8HnEDF0JwocW5gh0pAt2OKRS0yK8HCkBjsY=,0x6f550434232889366a40b5a6046615cdd444528db6fbe1f8186411f2f6ed676e,Charged Particles - Web3 Packs,0,0,0
astvh27IJsLywzvRvATs9iyfMYNt5s9A+WHTfy7smUU=,0xd6622026215d1489594ab9bb76b1e652eae1fd42d1804f870ec30721bc03f292,Jolt Finance,0,0,0
XLoqByB4S+esO4fmmeEQSAoPyvWrnxh1Iq8fXOZePuo=,0x46d784ec075b98efe6a23e515cad06f1b7081f082cb0c7502c68a7a76c38c9e2,"DistriButler: Multi Token Sender for Optimism, Base & Arbitrum",0,0,0
P5dBjWYIStsZisA5P7Zji5mkfI5IoO+JCXRYywxFLVY=,0x4cba820efd9e11754eb472ca0736756f27d0ece09adb3c9651bac5b29acc9a6d,Blockflow,1,0,0
zCbuxTOy64SbO/+l0E7LtLS2VMhiw+1o0eedXw2s/ao=,0x991062ec81edb818a542e45d7c142cc62bc06e68b582273bd2ae1b037c2d6791,Titan Layer,0,0,0
Awzr/YoCOXcaqxLyCRZ5i8LUFMiJk/cpDxkTmfH0mC0=,0x540a207d40e876569b9fd660caf76ee6f1982695b3d0549f3a79af521465bde9,üìÖ Build for Good: The 2026 Optimism Calendar,0,0,0
OOoIwlWuTZ1pqa/3OE841bg9Az3xav6nWw7806ng9iQ=,0x1480383a90f1ab95cfedee6ea130dca700e5236eceb7dcf3f08a0e96b43c90aa,MonstersOnBase,0,0,0
AsxMKwemcJWec/D3bdacdVunMOxC7EBmUqqb5Buj0/s=,0xab28184ffcd1429ce9bbcffdba320787e9d2ab1e2f365352af3b5a9ef64f4600,Hydrex,0,0,0
RFzv+HYMe8O4KTTeMyfR8Xb/ZlwQ4JlPZNqTemBJjyo=,0x2cf7c4cc06b7da1ea7c7c647f9a532cef3d75cc4df6a69a3a9204d4b4f99df9d,Save/nx,0,0,0
o6breg8faNvvKQn7n+MVsLpnPjfrMzmIHkhW2KeHtus=,0x10da43868e7439419af2859f2539ed8b355a0f330bd05a6d028ddff8fd4a03d8,dwawdadwdwawdadwdwawdadwdwawdadwdwawdadwdwawdadwdwawdadwdwawdadwdwawdadwdwawdadwdwawdadwdwawdadwdwawdadwdwawdadwdwawdadwdwawdadwdwawdadwdwawdadwdwawdadwdwawdadwdwawdadwdwawdadwdwawdadwdwawdadwdwawdadwdwawdadwdwawdadwdwawdadwdwawdadwdwawdadwdwawdadwdwawdadwdwawdadwdwawdadwdwawdadwdwawdadwdwawdadwdwawdadwdwawdadwdwawdadwdwawdadwdwawdadwdwawdadwdwawdadwdwawdadwdwawdadwdwawdadwdwawdadwdwawdadwdwawdadwdwawdadwdwawdadwdwawdadwdwawdadwdwawdadwdwawdadwdwawdadwdwawdadwdwawdadwdwawdadw,0,0,0
V0e8/oGPvS9UMonGvUVt4EWiNZcsBBPgEZniIWUhXss=,0x10e9fc6dd7d01e09bd9440d507846432333a06f779287b29199010e2f50579cd,Token Historical Balance,1,0,0
Rrdcu7ny/AFlN1jLZPDFfPQQS9u3ekvswVXzNO5GO9E=,0x578d022acd70130def85327e2926a2ed4545e08617ced951ef54a872f5a2a5f5,Orki Finance,0,0,0
cp0S6ThVsjNFKGRoNdNuxHWooFfG5ZeMdv/5UnaBz6w=,0x9dc9d9b8f79644cbe8634b022d4dd5ecaf4e438a71fe26256598f6e0d85a33a0,Superbeam,0,0,1
IIHfaL5BPrZutmOz1qjbrjl4n0rSJZIwD0x9WyN9bA8=,0xdad8d0f9daa721c30b73546b3b55284c7286836630b060e16f50491addf64ad4,SubHub,0,0,0
xomRwJYYlPgUyijK+gk+++w0TMfANVGb4mF1xk5NyO4=,0xf6ab5ce1bb1cade3c885b0668addb79ea8997b6dd2b106e95ef1ada65d6f10b7,superproof,1,0,1
R2G3dvHwT03B4JwlVh6AfU0Dv22vBqsE0vRJS0cgKH8=,0x245d242bedf4afae4a9d49b570ca34ec7eadb7f2f68bf67f12347cb38394c740,üí¨ Build for Good: Telegram Sticker Pack for Optimism,0,0,0
TUyXIOABwiAJaOZY+y9irqSOEGeMz4NbqW4DJ2vfF50=,0x9d439b2eeda990e571484f7002d4fb858b52b2fec28da0958b5647344947634e,‚ñ∂Ô∏è BuildForGood YouTube Channel,0,0,0
tNqq5J6FEjTlKKM9jd/JCwvk/g4pTiC8v7Xit1kNS4o=,0x23de0728e6569822fc61ee61d2a79eda8b8322894a82700bff5d5c91606798d1,Blobs Guru,0,0,0
lGoc+rdKwNdooopWynCp0XdR8HNqPVawSR00mYSfv9g=,0x55bff36906b3e55bff995b4a7d73fd6651eeba4274ad49e269b29157bbf2fee2,8 Bit Cats‚òëÔ∏è,0,0,0
LtUbRD/QO0Bokl1Bxbws5tg4dP7fmNnp4/U21i2tiH0=,0x696c9b46af5eeaa2fcfa86f23da23ed1ce7938df67d90d422e6ba7ee2604b512,Ethernaut CLI,0,0,0
/DScGb8/v7BZ3WdP7B/Fjk1VkJeYD4kSWb07N253Yd0=,0x5ae42b967b8cfb453ec0063849bc2b1f31b69c5846db7d7c4e385820dbb89a37,OPSight,0,0,0
Xrci3TfxGk1fFof+fNzWx6Had1yDlmU1CoHHRvzLMGo=,0x7fd813000c03bd11fdf3ded76a3b46db355218c72947acea7f14871a5b0a9258,Satoshi's Secret,0,0,0
8Hc81dLaEw5t3EVq5pHkUpvp/1fE3npH0qD6YD0w2u8=,0x878c98e16c6c589f287bc11633e79411b95550708aebc8b1e66846bd92864f1f,Bail Bloc,0,0,0
zpXh+xI4A77C9Y/ortXA0jU/33Zj+QztUOpW3hJ+w8A=,0xe20f59eb1c8f9cb72e07b8d0f067bac997614fd6db06d8c031c5c9235f760dcc,L2Pass,0,0,0
YkMQQUKtbXB1JgNgNqSbUVBTsK70wrO3UA/Llyhi9fE=,0x96c5627853d61ad931f8942bfdcc8b3f2507e830bad346b0d31b87c60637474e,All Weather Protocol,0,0,0
K1gYejJCg8UEic8jwRhE9HIlB5IHUv5Wy89uB08VrFQ=,0x52b74da84ea50e0a6ddb28c1c78e0baaa284b7a95298cf23bf65dafd7b0c6d19,Skeleton ERA üíÄ,0,0,0
5DRU+kSqJj07dgVZUng7jkEn6Pqn3SZm2yQWrZEAS8M=,0x51504348243d8e8fa59cf2ba983d9255373e5eb23fe22a0d18c0d36028561ace,Test Project,0,0,0
64LVONxZqStiERLga/boELUNhHttJflHBaUlGkG2iSM=,0x84893ce34d8069c43d8814db55a1ff5d472e4765650f0c37c1156b5ce97421ff,TPulseFi,0,0,0
hxU1nnOFEhGsrGFfD7pziC+gqLyN61d5U1voAgtc0Lg=,0x1335476de5a24573f3fa1297827fbeb02921948d678b399c7367fb956d08a6cc,Opstack For Cats Dream ‚òëÔ∏è,0,0,0
dk1gwy0G/dP9SOcyolL+bfgPQJ0ngqXF6ro9qyQdGwo=,0xf9ebb0464e7162627ab3de5fe03a21c879e932233e1453f2139c2126eb93f72e,Air3,0,0,0
okBeCQUnnfwRVmpCf9dMeQn3w+XBE9F6TjyBRj3T/Bk=,0x45956e3e9592e21418e7aa2caeb1566fc82c797a2cb9a4c51d8b2df3cc4a68db,OneTake,0,0,0
91qfxPoeZBT6hPZrVLYcaDcgwMNG5MDH77cGiTtBxyQ=,0x70624cd9a8be4ead96e5097025eb645b9848e2643e5025a4006dee2cff1a4138,WAGMI,0,0,0
